Frequency Bin [Hz],x-axis [mg],y-axis [mg],z-axis [mg]
0,218.301,0,0
0.839233,219.263,0,0
1.67847,0,0,0
2.5177,0,0,0
3.35693,0,0,0
4.19617,0,0,0
5.0354,0,0,0
5.87463,0,0,0
6.71387,0,0,0
7.5531,0,0,0
8.39233,0,0,0
9.23157,0,0,0
10.0708,0,0,0
10.91,0,0,0
11.7493,0,0,0
12.5885,0,0,0
13.4277,0,0,0
14.267,0,0,0
15.1062,0,0,0
15.9454,0,0,0
16.7847,0,0,0
17.6239,0,0,0
18.4631,0,0,0
19.3024,0,0,0
20.1416,0,0,0
20.9808,0,0,0
21.8201,0,0,0
22.6593,0,0,0
23.4985,0,0,0
24.3378,0,0,0
25.177,0,0,0
26.0162,0,0,0
26.8555,0,0,0
27.6947,0,0,0
28.5339,0,0,0
29.3732,0,0,0
30.2124,0,0,0
31.0516,0,0,0
31.8909,0,0,0
32.7301,0,0,0
33.5693,0,0,0
34.4086,0,0,0
35.2478,0,0,0
36.087,0,0,0
36.9263,0,0,0
37.7655,0,0,0
38.6047,0,0,0
39.444,0,0,0
40.2832,0,0,0
41.1224,0,0,0
41.9617,0,0,0
42.8009,0,0,0
43.6401,0,0,0
44.4794,0,0,0
45.3186,0,0,0
46.1578,0,0,0
46.9971,0,0,0
47.8363,0,0,0
48.6755,0,0,0
49.5148,0,0,0
50.354,0,0,0
51.1932,0,0,0
52.0325,0,0,0
52.8717,0,0,0
53.7109,0,0,0
54.5502,0,0,0
55.3894,0,0,0
56.2286,0,0,0
57.0679,0,0,0
57.9071,0,0,0
58.7463,0,0,0
59.5856,0,0,0
60.4248,0,0,0
61.264,0,0,0
62.1033,0,0,0
62.9425,0,0,0
63.7817,0,0,0
64.621,0,0,0
65.4602,0,0,0
66.2994,0,0,0
67.1387,0,0,0
67.9779,0,0,0
68.8171,0,0,0
69.6564,0,0,0
70.4956,0,0,0
71.3348,0,0,0
72.1741,0,0,0
73.0133,0,0,0
73.8525,0,0,0
74.6918,0,0,0
75.531,0,0,0
76.3702,0,0,0
77.2095,0,0,0
78.0487,0,0,0
78.8879,0,0,0
79.7272,0,0,0
80.5664,0,0,0
81.4056,0,0,0
82.2449,0,0,0
83.0841,0,0,0
83.9233,0,0,0
84.7626,0,0,0
85.6018,0,0,0
86.441,0,0,0
87.2803,0,0,0
88.1195,0,0,0
88.9587,0,0,0
89.798,0,0,0
90.6372,0,0,0
91.4764,0,0,0
92.3157,0,0,0
93.1549,0,0,0
93.9941,0,0,0
94.8334,0,0,0
95.6726,0,0,0
96.5118,0,0,0
97.3511,0,0,0
98.1903,0,0,0
99.0295,0,0,0
99.8688,0,0,0
100.708,1.907,0,0
101.547,0,0,0
102.386,0,0,0
103.226,0,0,0
104.065,0,0,0
104.904,1.907,0,0
105.743,0,0,0
106.583,0,0,0
107.422,0,0,0
108.261,2.8605,0,0
109.1,4.767,0,1.907
109.94,5.72099,0,1.907
110.779,0,0,0
111.618,2.8605,0,0
112.457,2.8605,0,0
113.297,0,0,0
114.136,3.814,0,0
114.975,3.814,0,0
115.814,1.907,0,0
116.653,4.767,0,2.8605
117.493,6.67345,0,5.72099
118.332,7.628,0,7.628
119.171,8.58148,0,14.301
120.01,20.0203,1.907,41.941
120.85,197.357,25.7444,486.213
121.689,289.79,38.136,718.782
122.528,101.044,12.3934,252.67
123.367,10.4852,1.907,22.884
124.207,4.767,0,17.163
125.046,4.767,0,8.58148
125.885,2.8605,0,5.72099
126.724,1.907,0,2.8605
127.563,1.907,0,1.907
128.403,2.8605,0,2.8605
129.242,0,0,0
130.081,3.814,0,2.8605
130.92,2.8605,0,2.8605
131.76,1.907,0,1.907
132.599,0,0,0
133.438,1.907,0,1.907
134.277,1.907,0,0
135.117,2.8605,0,1.907
135.956,1.907,0,0
136.795,2.8605,0,1.907
137.634,4.767,0,2.8605
138.474,2.8605,0,0
139.313,2.8605,0,0
140.152,2.8605,0,1.907
140.991,3.814,0,1.907
141.83,2.8605,0,0
142.67,3.814,0,1.907
143.509,13.3469,0,4.767
144.348,9.534,0,3.814
145.187,1.907,0,0
146.027,4.767,0,0
146.866,10.4852,0,2.8605
147.705,6.67345,0,2.8605
148.544,3.814,0,0
149.384,3.814,0,0
150.223,3.814,0,0
151.062,1.907,0,0
151.901,0,0,0
152.74,3.814,0,0
153.58,4.767,0,0
154.419,0,0,0
155.258,1.907,0,0
156.097,1.907,0,0
156.937,2.8605,0,0
157.776,4.767,0,0
158.615,4.767,0,1.907
159.454,2.8605,0,0
160.294,4.767,0,0
161.133,1.907,0,0
161.972,2.8605,0,0
162.811,2.8605,0,1.907
163.651,6.67345,0,1.907
164.49,4.767,0,1.907
165.329,4.767,0,1.907
166.168,3.814,0,0
167.007,3.814,0,0
167.847,2.8605,0,1.907
168.686,1.907,0,1.907
169.525,1.907,0,0
170.364,0,0,0
171.204,1.907,0,0
172.043,2.8605,0,0
172.882,1.907,0,0
173.721,0,0,0
174.561,0,0,0
175.4,1.907,0,0
176.239,0,0,0
177.078,3.814,0,0
177.917,5.72099,0,1.907
178.757,3.814,0,0
179.596,7.628,0,0
180.435,6.67345,0,1.907
181.274,0,0,0
182.114,1.907,0,0
182.953,1.907,0,0
183.792,3.814,0,0
184.631,5.72099,0,0
185.471,2.8605,0,0
186.31,1.907,0,0
187.149,2.8605,0,0
187.988,4.767,0,0
188.828,1.907,0,0
189.667,1.907,0,0
190.506,0,0,0
191.345,0,0,0
192.184,0,0,0
193.024,0,0,0
193.863,3.814,0,0
194.702,2.8605,0,0
195.541,1.907,0,0
196.381,1.907,0,0
197.22,0,0,0
198.059,1.907,0,0
198.898,1.907,0,0
199.738,1.907,0,0
200.577,1.907,0,0
201.416,1.907,0,0
202.255,2.8605,0,0
203.094,3.814,0,1.907
203.934,1.907,0,0
204.773,7.628,0,1.907
205.612,1.907,0,0
206.451,0,0,0
207.291,3.814,0,1.907
208.13,3.814,0,0
208.969,5.72099,0,1.907
209.808,3.814,0,0
210.648,6.67345,0,0
211.487,5.72099,0,0
212.326,2.8605,0,0
213.165,5.72099,0,0
214.005,4.767,0,0
214.844,2.8605,0,0
215.683,2.8605,0,0
216.522,0,0,0
217.361,1.907,0,0
218.201,1.907,0,0
219.04,3.814,0,0
219.879,4.767,0,0
220.718,5.72099,0,0
221.558,7.628,0,0
222.397,4.767,0,0
223.236,1.907,0,0
224.075,2.8605,0,0
224.915,2.8605,0,0
225.754,1.907,0,0
226.593,2.8605,0,0
227.432,2.8605,0,0
228.271,4.767,0,0
229.111,4.767,0,0
229.95,3.814,0,0
230.789,4.767,0,0
231.628,4.767,0,0
232.468,2.8605,0,0
233.307,6.67345,0,0
234.146,6.67345,0,0
234.985,5.72099,0,0
235.825,0,0,0
236.664,1.907,0,0
237.503,5.72099,0,0
238.342,7.628,0,0
239.182,8.58148,0,0
240.021,12.3934,0,0
240.86,13.3469,0,0
241.699,38.136,0,4.767
242.538,181.161,3.814,24.7868
243.378,196.358,4.767,26.6938
244.217,41.941,0,5.72099
245.056,9.534,0,0
245.895,11.442,0,0
246.735,5.72099,0,0
247.574,0,0,0
248.413,4.767,0,0
249.252,8.58148,0,0
250.092,3.814,0,0
250.931,2.8605,0,0
251.77,4.767,0,0
252.609,1.907,0,0
253.448,5.72099,0,0
254.288,7.628,0,0
255.127,6.67345,0,0
255.966,2.8605,0,0
256.805,4.767,0,0
257.645,3.814,0,0
258.484,8.58148,0,0
259.323,9.534,0,0
260.162,1.907,0,0
261.002,2.8605,0,0
261.841,0,0,0
262.68,1.907,0,0
263.519,4.767,0,2.8605
264.359,12.3934,0,3.814
265.198,17.163,0,2.8605
266.037,12.3934,0,1.907
266.876,8.58148,0,1.907
267.715,7.628,0,0
268.555,11.442,0,1.907
269.394,7.628,0,2.8605
270.233,0,0,1.907
271.072,0,0,0
271.912,1.907,0,0
272.751,6.67345,0,0
273.59,8.58148,0,0
274.429,1.907,0,0
275.269,5.72099,0,0
276.108,2.8605,0,0
276.947,3.814,0,0
277.786,4.767,0,0
278.625,5.72099,0,1.907
279.465,5.72099,0,1.907
280.304,4.767,0,1.907
281.143,11.442,0,1.907
281.982,9.534,0,1.907
282.822,5.72099,0,2.8605
283.661,3.814,0,2.8605
284.5,1.907,0,1.907
285.339,6.67345,0,1.907
286.179,6.67345,0,1.907
287.018,6.67345,0,2.8605
287.857,4.767,0,1.907
288.696,3.814,0,0
289.536,6.67345,0,0
290.375,1.907,0,0
291.214,3.814,0,3.814
292.053,6.67345,0,5.72099
292.892,10.4852,0,6.67345
293.732,7.628,0,3.814
294.571,5.72099,0,2.8605
295.41,1.907,0,0
296.249,7.628,0,2.8605
297.089,9.534,0,3.814
297.928,7.628,0,4.767
298.767,2.8605,0,2.8605
299.606,4.767,0,2.8605
300.446,8.58148,0,3.814
301.285,16.2088,1.907,7.628
302.124,11.442,0,5.72099
302.963,2.8605,0,0
303.802,4.767,0,4.767
304.642,9.534,0,7.628
305.481,18.1119,0,14.301
306.32,17.163,2.8605,15.256
307.159,10.4852,2.8605,8.58148
307.999,7.628,0,2.8605
308.838,9.534,1.907,6.67345
309.677,11.442,1.907,9.534
310.516,7.628,0,4.767
311.356,5.72099,0,2.8605
312.195,8.58148,1.907,6.67345
313.034,6.67345,1.907,5.72099
313.873,1.907,0,0
314.713,4.767,0,1.907
315.552,7.628,0,4.767
316.391,4.767,0,2.8605
317.23,5.72099,0,3.814
318.069,6.67345,0,4.767
318.909,1.907,0,1.907
319.748,2.8605,0,1.907
320.587,2.8605,0,2.8605
321.426,1.907,0,2.8605
322.266,0,0,1.907
323.105,2.8605,0,0
323.944,4.767,0,2.8605
324.783,5.72099,0,3.814
325.623,2.8605,0,1.907
326.462,1.907,0,0
327.301,2.8605,0,3.814
328.14,1.907,0,1.907
328.979,2.8605,0,1.907
329.819,1.907,0,1.907
330.658,2.8605,0,2.8605
331.497,1.907,0,2.8605
332.336,2.8605,0,1.907
333.176,2.8605,0,0
334.015,3.814,1.907,2.8605
334.854,2.8605,0,0
335.693,0,0,1.907
336.533,0,0,1.907
337.372,0,0,0
338.211,1.907,0,0
339.05,1.907,0,0
339.89,2.8605,0,0
340.729,2.8605,0,0
341.568,1.907,0,0
342.407,1.907,0,0
343.246,1.907,0,0
344.086,3.814,0,1.907
344.925,1.907,0,0
345.764,1.907,0,1.907
346.603,2.8605,0,1.907
347.443,1.907,0,1.907
348.282,0,0,0
349.121,1.907,0,1.907
349.96,2.8605,0,1.907
350.8,3.814,0,0
351.639,1.907,0,0
352.478,3.814,1.907,2.8605
353.317,3.814,1.907,2.8605
354.156,2.8605,0,0
354.996,4.767,0,0
355.835,4.767,0,1.907
356.674,0,0,1.907
357.513,2.8605,0,0
358.353,2.8605,0,0
359.192,2.8605,0,0
360.031,1.907,0,1.907
360.87,0,0,0
361.71,2.8605,0,1.907
362.549,2.8605,0,0
363.388,9.534,4.767,4.767
364.227,34.3259,16.2088,13.3469
365.067,29.5566,13.3469,10.4852
365.906,1.907,1.907,1.907
366.745,1.907,1.907,1.907
367.584,5.72099,1.907,2.8605
368.423,2.8605,0,1.907
369.263,1.907,0,0
370.102,2.8605,0,0
370.941,2.8605,0,0
371.78,2.8605,0,0
372.62,1.907,0,0
373.459,0,0,0
374.298,1.907,0,0
375.137,0,0,0
375.977,4.767,0,0
376.816,3.814,0,0
377.655,2.8605,0,0
378.494,2.8605,0,1.907
379.333,1.907,0,0
380.173,2.8605,0,0
381.012,0,0,0
381.851,1.907,0,0
382.69,2.8605,0,0
383.53,3.814,0,0
384.369,1.907,0,0
385.208,2.8605,0,1.907
386.047,2.8605,0,2.8605
386.887,1.907,0,2.8605
387.726,0,0,1.907
388.565,1.907,0,0
389.404,1.907,0,0
390.244,0,0,1.907
391.083,1.907,0,0
391.922,1.907,0,0
392.761,0,0,0
393.6,1.907,0,0
394.44,0,0,0
395.279,1.907,1.907,1.907
396.118,2.8605,0,0
396.957,0,0,0
397.797,0,0,0
398.636,1.907,0,0
399.475,1.907,0,0
400.314,1.907,0,0
401.154,0,0,1.907
401.993,0,0,0
402.832,1.907,1.907,2.8605
403.671,2.8605,1.907,2.8605
404.51,0,0,1.907
405.35,0,0,1.907
406.189,1.907,0,0
407.028,0,0,0
407.867,0,0,1.907
408.707,0,0,0
409.546,0,0,0
410.385,0,0,0
411.224,0,0,0
412.064,0,0,0
412.903,1.907,0,2.8605
413.742,2.8605,0,3.814
414.581,1.907,0,1.907
415.421,0,0,0
416.26,0,0,0
417.099,0,0,0
417.938,0,0,0
418.777,0,0,1.907
419.617,0,0,1.907
420.456,0,0,1.907
421.295,0,0,0
422.134,0,0,3.814
422.974,1.907,0,5.72099
423.813,0,0,2.8605
424.652,1.907,0,3.814
425.491,1.907,0,4.767
426.331,0,0,0
427.17,0,0,1.907
428.009,0,0,1.907
428.848,0,0,0
429.688,0,0,1.907
430.527,1.907,0,1.907
431.366,1.907,0,4.767
432.205,0,0,2.8605
433.044,0,0,1.907
433.884,0,0,3.814
434.723,0,0,2.8605
435.562,0,0,1.907
436.401,0,0,2.8605
437.241,0,0,2.8605
438.08,0,0,1.907
438.919,0,0,0
439.758,0,0,0
440.598,0,1.907,3.814
441.437,0,0,2.8605
442.276,0,1.907,2.8605
443.115,0,0,1.907
443.954,0,0,1.907
444.794,0,1.907,2.8605
445.633,0,0,2.8605
446.472,0,0,0
447.311,0,1.907,4.767
448.151,0,1.907,1.907
448.99,0,0,1.907
449.829,0,0,1.907
450.668,0,1.907,0
451.508,0,0,1.907
452.347,0,0,1.907
453.186,0,2.8605,3.814
454.025,0,2.8605,4.767
454.865,0,1.907,4.767
455.704,0,1.907,1.907
456.543,0,1.907,0
457.382,0,1.907,1.907
458.221,0,0,0
459.061,0,0,0
459.9,0,0,1.907
460.739,0,0,0
461.578,0,1.907,0
462.418,0,0,0
463.257,0,1.907,3.814
464.096,0,1.907,2.8605
464.935,0,0,1.907
465.775,0,1.907,1.907
466.614,0,1.907,0
467.453,0,0,0
468.292,0,1.907,0
469.131,0,2.8605,1.907
469.971,0,0,1.907
470.81,0,1.907,0
471.649,0,1.907,0
472.488,0,1.907,0
473.328,0,0,1.907
474.167,0,0,1.907
475.006,0,0,0
475.845,0,1.907,1.907
476.685,0,4.767,2.8605
477.524,0,2.8605,1.907
478.363,0,1.907,0
479.202,0,0,0
480.042,0,0,0
480.881,0,3.814,1.907
481.72,0,2.8605,0
482.559,0,2.8605,0
483.398,0,2.8605,0
484.238,0,0,1.907
485.077,0,25.7444,7.628
485.916,0,61.9605,9.534
486.755,0,36.2237,1.907
487.595,0,0,0
488.434,0,5.72099,0
489.273,0,6.67345,1.907
490.112,0,3.814,0
490.952,0,0,1.907
491.791,0,4.767,3.814
492.63,0,4.767,3.814
493.469,0,3.814,2.8605
494.308,0,0,1.907
495.148,0,0,1.907
495.987,0,2.8605,3.814
496.826,0,3.814,2.8605
497.665,0,3.814,1.907
498.505,0,1.907,0
499.344,0,0,1.907
500.183,0,1.907,2.8605
501.022,0,4.767,0
501.862,0,4.767,2.8605
502.701,0,2.8605,3.814
503.54,0,1.907,2.8605
504.379,0,0,1.907
505.219,0,0,0
506.058,0,0,1.907
506.897,0,0,2.8605
507.736,0,4.767,5.72099
508.575,0,5.72099,5.72099
509.415,0,4.767,3.814
510.254,0,4.767,2.8605
511.093,0,4.767,2.8605
511.932,0,4.767,2.8605
512.772,0,2.8605,1.907
513.611,0,1.907,1.907
514.45,0,1.907,4.767
515.289,0,2.8605,2.8605
516.129,0,4.767,4.767
516.968,0,5.72099,5.72099
517.807,0,4.767,2.8605
518.646,0,0,0
519.485,0,2.8605,2.8605
520.325,0,3.814,3.814
521.164,0,1.907,2.8605
522.003,0,1.907,0
522.842,0,0,0
523.682,0,0,3.814
524.521,0,2.8605,6.67345
525.36,0,3.814,8.58148
526.199,0,2.8605,6.67345
527.039,0,2.8605,6.67345
527.878,0,2.8605,4.767
528.717,0,1.907,3.814
529.556,0,2.8605,2.8605
530.396,0,1.907,1.907
531.235,0,0,1.907
532.074,0,0,3.814
532.913,0,1.907,1.907
533.752,0,1.907,0
534.592,0,0,3.814
535.431,0,0,5.72099
536.27,0,0,2.8605
537.109,0,0,0
537.949,0,0,2.8605
538.788,0,0,2.8605
539.627,0,0,4.767
540.466,0,0,3.814
541.306,0,0,1.907
542.145,0,0,0
542.984,0,0,0
543.823,0,2.8605,0
544.662,0,3.814,2.8605
545.502,0,1.907,2.8605
546.341,0,0,0
547.18,0,0,1.907
548.019,0,0,2.8605
548.859,0,1.907,3.814
549.698,0,0,1.907
550.537,0,0,1.907
551.376,0,0,0
552.216,0,0,1.907
553.055,0,0,1.907
553.894,0,0,0
554.733,0,0,1.907
555.573,0,0,1.907
556.412,0,0,2.8605
557.251,0,0,2.8605
558.09,0,0,2.8605
558.929,0,1.907,1.907
559.769,0,1.907,0
560.608,0,1.907,1.907
561.447,0,0,0
562.286,0,0,0
563.126,0,2.8605,1.907
563.965,0,1.907,1.907
564.804,0,0,1.907
565.643,0,0,1.907
566.483,0,0,1.907
567.322,0,0,1.907
568.161,0,0,0
569,0,2.8605,0
569.839,0,1.907,0
570.679,0,1.907,0
571.518,0,1.907,1.907
572.357,0,0,1.907
573.196,0,0,1.907
574.036,0,0,4.767
574.875,0,0,3.814
575.714,0,0,0
576.553,0,0,1.907
577.393,0,0,2.8605
578.232,0,0,1.907
579.071,0,0,1.907
579.91,0,0,1.907
580.75,0,0,1.907
581.589,0,0,0
582.428,0,0,0
583.267,0,0,1.907
584.106,0,0,0
584.946,0,0,0
585.785,0,0,0
586.624,0,1.907,0
587.463,0,0,1.907
588.303,0,0,1.907
589.142,0,0,0
589.981,0,0,0
590.82,0,0,0
591.66,0,1.907,0
592.499,0,1.907,2.8605
593.338,0,0,3.814
594.177,0,0,3.814
595.016,0,1.907,1.907
595.856,0,3.814,0
596.695,0,0,0
597.534,0,2.8605,1.907
598.373,0,2.8605,2.8605
599.213,0,1.907,1.907
600.052,0,1.907,3.814
600.891,0,1.907,4.767
601.73,0,1.907,1.907
602.57,0,1.907,0
603.409,0,1.907,0
604.248,0,0,1.907
605.087,0,4.767,5.72099
605.927,0,3.814,1.907
606.766,0,6.67345,16.2088
607.605,0,14.301,29.5566
608.444,0,8.58148,14.301
609.283,0,1.907,1.907
610.123,0,0,1.907
610.962,0,0,5.72099
611.801,0,1.907,5.72099
612.64,0,0,1.907
613.48,0,0,0
614.319,0,1.907,1.907
615.158,0,2.8605,1.907
615.997,0,0,0
616.837,0,1.907,2.8605
617.676,0,1.907,1.907
618.515,0,1.907,0
619.354,0,1.907,2.8605
620.193,0,0,1.907
621.033,0,1.907,0
621.872,0,1.907,1.907
622.711,0,1.907,0
623.55,0,2.8605,2.8605
624.39,0,1.907,3.814
625.229,0,0,2.8605
626.068,0,1.907,3.814
626.907,0,0,0
627.747,0,0,0
628.586,0,2.8605,4.767
629.425,0,5.72099,8.58148
630.264,0,5.72099,7.628
631.104,0,3.814,3.814
631.943,0,1.907,1.907
632.782,0,4.767,1.907
633.621,0,2.8605,1.907
634.46,0,0,0
635.3,0,0,2.8605
636.139,0,0,0
636.978,0,1.907,1.907
637.817,0,0,0
638.657,0,0,1.907
639.496,0,0,0
640.335,0,1.907,1.907
641.174,0,0,1.907
642.014,0,1.907,0
642.853,0,1.907,0
643.692,0,0,0
644.531,0,0,0
645.37,0,0,1.907
646.21,0,1.907,4.767
647.049,0,1.907,3.814
647.888,0,1.907,1.907
648.727,0,1.907,1.907
649.567,0,0,2.8605
650.406,0,2.8605,3.814
651.245,0,2.8605,2.8605
652.084,0,1.907,0
652.924,0,0,1.907
653.763,0,0,0
654.602,0,0,2.8605
655.441,0,1.907,3.814
656.281,0,2.8605,6.67345
657.12,0,3.814,6.67345
657.959,0,0,2.8605
658.798,0,0,0
659.637,0,0,3.814
660.477,0,1.907,1.907
661.316,0,3.814,0
662.155,0,1.907,1.907
662.994,0,0,3.814
663.834,0,0,3.814
664.673,0,1.907,4.767
665.512,0,2.8605,4.767
666.351,0,1.907,2.8605
667.191,0,1.907,2.8605
668.03,0,0,4.767
668.869,0,3.814,2.8605
669.708,0,4.767,2.8605
670.547,0,3.814,3.814
671.387,0,0,3.814
672.226,0,0,1.907
673.065,0,1.907,1.907
673.904,0,1.907,1.907
674.744,0,1.907,1.907
675.583,0,1.907,0
676.422,0,2.8605,2.8605
677.261,0,2.8605,4.767
678.101,0,2.8605,1.907
678.94,0,3.814,4.767
679.779,0,1.907,4.767
680.618,0,1.907,0
681.458,0,0,0
682.297,0,2.8605,2.8605
683.136,0,1.907,2.8605
683.975,0,3.814,1.907
684.814,0,2.8605,1.907
685.654,0,1.907,3.814
686.493,0,2.8605,2.8605
687.332,0,0,0
688.171,0,0,1.907
689.011,0,0,1.907
689.85,0,2.8605,0
690.689,0,1.907,0
691.528,0,0,0
692.368,0,1.907,1.907
693.207,0,1.907,1.907
694.046,0,3.814,3.814
694.885,0,4.767,4.767
695.724,0,3.814,2.8605
696.564,0,1.907,2.8605
697.403,0,0,2.8605
698.242,0,1.907,4.767
699.081,0,1.907,2.8605
699.921,0,1.907,1.907
700.76,0,1.907,1.907
701.599,0,1.907,0
702.438,0,1.907,1.907
703.278,0,0,1.907
704.117,0,1.907,2.8605
704.956,0,0,1.907
705.795,0,2.8605,1.907
706.635,0,3.814,2.8605
707.474,0,2.8605,2.8605
708.313,0,1.907,1.907
709.152,0,0,0
709.991,0,0,0
710.831,0,0,2.8605
711.67,0,1.907,2.8605
712.509,0,0,0
713.348,0,1.907,1.907
714.188,0,0,1.907
715.027,0,0,2.8605
715.866,0,0,0
716.705,0,2.8605,0
717.545,0,2.8605,0
718.384,0,0,2.8605
719.223,0,1.907,5.72099
720.062,0,1.907,2.8605
720.901,0,0,1.907
721.741,0,0,1.907
722.58,0,0,1.907
723.419,0,0,3.814
724.258,0,2.8605,4.767
725.098,0,1.907,3.814
725.937,0,0,0
726.776,0,1.907,1.907
727.615,0,1.907,3.814
728.455,0,4.767,13.3469
729.294,0,7.628,16.2088
730.133,0,1.907,4.767
730.972,0,1.907,4.767
731.812,0,0,4.767
732.651,0,1.907,5.72099
733.49,0,1.907,1.907
734.329,0,1.907,1.907
735.168,0,0,3.814
736.008,0,0,1.907
736.847,0,0,2.8605
737.686,0,0,0
738.525,0,0,3.814
739.365,0,0,4.767
740.204,0,0,1.907
741.043,0,0,1.907
741.882,0,0,1.907
742.722,0,0,3.814
743.561,0,0,4.767
744.4,0,0,2.8605
745.239,0,0,1.907
746.078,0,0,1.907
746.918,0,1.907,1.907
747.757,0,1.907,0
748.596,0,2.8605,0
749.435,0,0,0
750.275,0,0,0
751.114,0,1.907,4.767
751.953,0,1.907,7.628
752.792,0,0,3.814
753.632,0,0,3.814
754.471,0,0,8.58148
755.31,0,0,4.767
756.149,0,1.907,1.907
756.989,0,1.907,2.8605
757.828,0,1.907,2.8605
758.667,0,1.907,3.814
759.506,0,0,2.8605
760.345,0,0,2.8605
761.185,0,0,2.8605
762.024,0,0,0
762.863,0,0,1.907
763.702,0,1.907,2.8605
764.542,0,2.8605,1.907
765.381,0,0,1.907
766.22,0,0,1.907
767.059,0,1.907,2.8605
767.899,0,1.907,5.72099
768.738,0,0,4.767
769.577,0,0,4.767
770.416,0,0,4.767
771.255,0,0,1.907
772.095,0,0,3.814
772.934,0,0,2.8605
773.773,0,0,2.8605
774.612,0,0,2.8605
775.452,0,1.907,5.72099
776.291,0,1.907,3.814
777.13,0,0,0
777.969,0,0,4.767
778.809,0,1.907,4.767
779.648,0,1.907,1.907
780.487,0,0,0
781.326,0,0,0
782.166,0,0,0
783.005,0,0,1.907
783.844,0,1.907,2.8605
784.683,0,0,2.8605
785.522,0,0,1.907
786.362,0,0,0
787.201,0,0,3.814
788.04,0,0,0
788.879,0,0,1.907
789.719,0,0,4.767
790.558,0,0,3.814
791.397,0,0,3.814
792.236,0,0,3.814
793.076,0,0,1.907
793.915,0,0,1.907
794.754,0,0,1.907
795.593,0,0,0
796.432,0,0,0
797.272,0,1.907,1.907
798.111,0,0,1.907
798.95,0,0,1.907
799.789,0,0,2.8605
800.629,0,0,3.814
801.468,0,0,3.814
802.307,0,1.907,0
803.146,0,1.907,1.907
803.986,0,0,3.814
804.825,0,0,3.814
805.664,0,0,2.8605
806.503,0,0,1.907
807.343,0,0,0
808.182,0,0,0
809.021,0,0,0
809.86,0,0,1.907
810.699,0,0,0
811.539,0,0,2.8605
812.378,0,0,0
813.217,0,0,2.8605
814.056,0,1.907,4.767
814.896,0,4.767,3.814
815.735,0,4.767,3.814
816.574,0,1.907,3.814
817.413,0,0,4.767
818.253,0,2.8605,5.72099
819.092,0,1.907,4.767
819.931,0,0,4.767
820.77,0,0,2.8605
821.609,0,0,3.814
822.449,0,0,1.907
823.288,0,0,2.8605
824.127,0,0,2.8605
824.966,0,0,1.907
825.806,0,0,3.814
826.645,0,0,4.767
827.484,0,0,4.767
828.323,0,0,1.907
829.163,0,1.907,2.8605
830.002,0,1.907,2.8605
830.841,0,1.907,3.814
831.68,0,0,1.907
832.52,0,0,0
833.359,0,0,2.8605
834.198,0,2.8605,3.814
835.037,0,0,2.8605
835.876,0,0,0
836.716,0,1.907,0
837.555,0,1.907,1.907
838.394,0,1.907,2.8605
839.233,0,1.907,1.907
840.073,0,0,2.8605
840.912,0,1.907,3.814
841.751,0,2.8605,3.814
842.59,0,2.8605,3.814
843.43,0,1.907,2.8605
844.269,0,0,1.907
845.108,0,0,0
845.947,0,2.8605,0
846.786,0,1.907,1.907
847.626,0,1.907,1.907
848.465,0,2.8605,1.907
849.304,0,1.907,3.814
850.143,0,10.4852,12.3934
850.983,0,12.3934,12.3934
851.822,0,2.8605,0
852.661,0,0,3.814
853.5,0,2.8605,1.907
854.34,0,1.907,1.907
855.179,0,0,2.8605
856.018,0,1.907,1.907
856.857,0,0,2.8605
857.697,0,1.907,4.767
858.536,0,0,4.767
859.375,0,1.907,3.814
860.214,0,1.907,4.767
861.053,0,0,3.814
861.893,0,1.907,1.907
862.732,0,1.907,2.8605
863.571,0,0,2.8605
864.41,0,0,1.907
865.25,0,0,0
866.089,0,0,2.8605
866.928,0,1.907,2.8605
867.767,0,1.907,0
868.607,0,0,0
869.446,0,1.907,0
870.285,0,1.907,1.907
871.124,0,0,1.907
871.964,0,2.8605,3.814
872.803,0,1.907,1.907
873.642,0,1.907,2.8605
874.481,0,1.907,1.907
875.32,0,1.907,2.8605
876.16,0,2.8605,3.814
876.999,0,0,1.907
877.838,0,0,4.767
878.677,0,0,4.767
879.517,0,0,2.8605
880.356,0,0,0
881.195,0,0,1.907
882.034,0,1.907,2.8605
882.874,0,0,3.814
883.713,0,0,3.814
884.552,0,0,3.814
885.391,0,0,2.8605
886.23,0,1.907,0
887.07,0,0,0
887.909,0,1.907,1.907
888.748,0,3.814,4.767
889.587,0,1.907,3.814
890.427,0,2.8605,1.907
891.266,0,1.907,3.814
892.105,0,0,1.907
892.944,0,0,0
893.784,0,0,1.907
894.623,0,0,1.907
895.462,0,1.907,1.907
896.301,0,1.907,1.907
897.141,0,0,1.907
897.98,0,0,1.907
898.819,0,0,1.907
899.658,0,4.767,1.907
900.497,0,6.67345,0
901.337,0,1.907,2.8605
902.176,0,1.907,1.907
903.015,0,1.907,3.814
903.854,0,0,2.8605
904.694,0,0,2.8605
905.533,0,0,1.907
906.372,0,1.907,1.907
907.211,0,0,0
908.051,0,0,1.907
908.89,0,0,2.8605
909.729,0,0,2.8605
910.568,0,0,1.907
911.407,0,0,1.907
912.247,0,0,1.907
913.086,0,1.907,0
913.925,0,1.907,1.907
914.764,0,0,3.814
915.604,0,0,3.814
916.443,0,0,3.814
917.282,0,0,1.907
918.121,0,2.8605,2.8605
918.961,0,4.767,3.814
919.8,0,1.907,2.8605
920.639,0,0,3.814
921.478,0,3.814,3.814
922.318,0,6.67345,2.8605
923.157,0,4.767,0
923.996,0,1.907,1.907
924.835,0,0,1.907
925.674,0,1.907,0
926.514,0,0,1.907
927.353,0,0,5.72099
928.192,0,0,6.67345
929.031,0,1.907,0
929.871,0,1.907,1.907
930.71,0,0,0
931.549,0,1.907,3.814
932.388,0,1.907,0
933.228,0,1.907,3.814
934.067,0,2.8605,1.907
934.906,0,1.907,1.907
935.745,0,1.907,5.72099
936.584,0,1.907,8.58148
937.424,0,0,7.628
938.263,0,0,2.8605
939.102,0,0,2.8605
939.941,0,0,0
940.781,0,0,2.8605
941.62,0,1.907,2.8605
942.459,0,0,2.8605
943.298,0,0,5.72099
944.138,0,0,2.8605
944.977,0,3.814,5.72099
945.816,0,2.8605,4.767
946.655,0,0,3.814
947.495,0,1.907,3.814
948.334,0,3.814,4.767
949.173,0,2.8605,0
950.012,0,1.907,2.8605
950.851,0,1.907,1.907
951.691,0,2.8605,4.767
952.53,0,3.814,2.8605
953.369,0,2.8605,1.907
954.208,0,1.907,6.67345
955.048,0,1.907,7.628
955.887,0,3.814,5.72099
956.726,0,0,3.814
957.565,0,0,2.8605
958.405,0,1.907,8.58148
959.244,0,4.767,3.814
960.083,0,6.67345,5.72099
960.922,0,3.814,3.814
961.761,0,2.8605,1.907
962.601,0,2.8605,5.72099
963.44,0,2.8605,7.628
964.279,0,2.8605,6.67345
965.118,0,3.814,5.72099
965.958,0,2.8605,6.67345
966.797,0,0,4.767
967.636,0,0,3.814
968.475,0,1.907,4.767
969.315,0,0,4.767
970.154,0,2.8605,2.8605
970.993,0,5.72099,1.907
971.832,0,8.58148,6.67345
972.672,0,4.767,1.907
973.511,0,2.8605,4.767
974.35,0,2.8605,1.907
975.189,0,2.8605,2.8605
976.028,0,1.907,0
976.868,0,2.8605,1.907
977.707,0,0,2.8605
978.546,0,2.8605,2.8605
979.385,0,1.907,0
980.225,0,1.907,0
981.064,0,3.814,2.8605
981.903,0,4.767,4.767
982.742,0,0,2.8605
983.582,0,0,3.814
984.421,0,0,1.907
985.26,0,1.907,1.907
986.099,0,0,0
986.938,0,0,0
987.778,0,0,0
988.617,0,2.8605,0
989.456,0,1.907,0
990.295,0,1.907,0
991.135,0,1.907,1.907
991.974,0,0,0
992.813,0,1.907,1.907
993.652,0,3.814,0
994.492,0,2.8605,1.907
995.331,0,0,0
996.17,0,1.907,0
997.009,0,0,1.907
997.849,0,0,2.8605
998.688,0,2.8605,1.907
999.527,0,1.907,0
1000.37,0,1.907,0
1001.21,0,1.907,2.8605
1002.04,0,1.907,2.8605
1002.88,0,2.8605,2.8605
1003.72,0,2.8605,1.907
1004.56,0,0,2.8605
1005.4,0,1.907,1.907
1006.24,0,3.814,0
1007.08,0,2.8605,0
1007.92,0,0,0
1008.76,0,0,1.907
1009.6,0,1.907,0
1010.44,0,1.907,0
1011.28,0,0,3.814
1012.12,0,0,3.814
1012.95,0,0,2.8605
1013.79,0,0,1.907
1014.63,0,3.814,0
1015.47,0,2.8605,0
1016.31,0,1.907,0
1017.15,0,3.814,0
1017.99,0,1.907,0
1018.83,0,1.907,2.8605
1019.67,0,1.907,2.8605
1020.51,0,2.8605,3.814
1021.35,0,3.814,3.814
1022.19,0,0,0
1023.03,0,3.814,0
1023.86,0,1.907,1.907
1024.7,0,1.907,1.907
1025.54,0,0,1.907
1026.38,0,2.8605,1.907
1027.22,0,1.907,0
1028.06,0,0,1.907
1028.9,0,0,1.907
1029.74,0,0,1.907
1030.58,0,0,1.907
1031.42,0,0,2.8605
1032.26,0,1.907,2.8605
1033.1,0,1.907,1.907
1033.94,0,0,1.907
1034.77,0,1.907,0
1035.61,0,1.907,1.907
1036.45,0,2.8605,2.8605
1037.29,0,1.907,2.8605
1038.13,0,2.8605,0
1038.97,0,1.907,0
1039.81,0,1.907,0
1040.65,0,2.8605,0
1041.49,0,2.8605,0
1042.33,0,2.8605,2.8605
1043.17,0,3.814,2.8605
1044.01,0,5.72099,2.8605
1044.85,0,3.814,0
1045.68,0,0,0
1046.52,0,1.907,0
1047.36,0,1.907,2.8605
1048.2,0,1.907,2.8605
1049.04,0,2.8605,4.767
1049.88,0,3.814,3.814
1050.72,0,2.8605,4.767
1051.56,0,1.907,3.814
1052.4,0,1.907,0
1053.24,0,1.907,1.907
1054.08,0,4.767,0
1054.92,0,4.767,2.8605
1055.76,0,2.8605,2.8605
1056.59,0,3.814,0
1057.43,0,2.8605,2.8605
1058.27,0,3.814,2.8605
1059.11,0,1.907,1.907
1059.95,0,2.8605,0
1060.79,0,4.767,1.907
1061.63,0,4.767,1.907
1062.47,0,2.8605,1.907
1063.31,0,3.814,1.907
1064.15,0,1.907,0
1064.99,0,0,2.8605
1065.83,0,3.814,1.907
1066.67,0,5.72099,1.907
1067.5,0,1.907,0
1068.34,0,2.8605,0
1069.18,0,4.767,3.814
1070.02,0,6.67345,6.67345
1070.86,0,7.628,5.72099
1071.7,0,7.628,3.814
1072.54,0,6.67345,2.8605
1073.38,0,5.72099,1.907
1074.22,0,3.814,0
1075.06,0,3.814,2.8605
1075.9,0,5.72099,3.814
1076.74,0,1.907,1.907
1077.58,0,2.8605,0
1078.41,0,2.8605,1.907
1079.25,0,4.767,3.814
1080.09,0,5.72099,4.767
1080.93,0,9.534,4.767
1081.77,0,14.301,6.67345
1082.61,0,6.67345,1.907
1083.45,0,2.8605,4.767
1084.29,0,0,3.814
1085.13,0,5.72099,0
1085.97,0,6.67345,1.907
1086.81,0,4.767,4.767
1087.65,0,4.767,4.767
1088.49,0,6.67345,5.72099
1089.32,0,1.907,3.814
1090.16,0,3.814,1.907
1091,0,6.67345,6.67345
1091.84,0,6.67345,4.767
1092.68,0,4.767,3.814
1093.52,0,4.767,10.4852
1094.36,0,5.72099,2.8605
1095.2,0,11.442,7.628
1096.04,0,4.767,5.72099
1096.88,0,3.814,0
1097.72,0,2.8605,2.8605
1098.56,0,2.8605,3.814
1099.4,0,2.8605,2.8605
1100.23,0,0,2.8605
1101.07,0,2.8605,1.907
1101.91,0,4.767,1.907
1102.75,0,5.72099,3.814
1103.59,0,5.72099,3.814
1104.43,0,2.8605,1.907
1105.27,0,0,0
1106.11,0,1.907,0
1106.95,0,5.72099,1.907
1107.79,0,3.814,0
1108.63,0,2.8605,1.907
1109.47,0,6.67345,2.8605
1110.31,0,6.67345,2.8605
1111.15,0,3.814,0
1111.98,0,1.907,0
1112.82,0,0,0
1113.66,0,0,0
1114.5,0,5.72099,2.8605
1115.34,0,7.628,5.72099
1116.18,0,1.907,1.907
1117.02,0,0,0
1117.86,0,2.8605,0
1118.7,0,7.628,4.767
1119.54,0,3.814,2.8605
1120.38,0,4.767,1.907
1121.22,0,4.767,2.8605
1122.06,0,1.907,3.814
1122.89,0,6.67345,4.767
1123.73,0,3.814,0
1124.57,0,4.767,2.8605
1125.41,0,3.814,3.814
1126.25,0,1.907,1.907
1127.09,0,4.767,2.8605
1127.93,0,4.767,0
1128.77,0,2.8605,1.907
1129.61,0,1.907,1.907
1130.45,0,6.67345,3.814
1131.29,0,4.767,2.8605
1132.13,0,0,1.907
1132.97,0,0,2.8605
1133.8,0,3.814,4.767
1134.64,0,6.67345,4.767
1135.48,0,1.907,0
1136.32,0,0,1.907
1137.16,0,1.907,0
1138,0,3.814,3.814
1138.84,0,6.67345,5.72099
1139.68,0,1.907,1.907
1140.52,0,1.907,1.907
1141.36,0,3.814,1.907
1142.2,0,11.442,2.8605
1143.04,0,11.442,7.628
1143.88,0,3.814,4.767
1144.71,0,4.767,1.907
1145.55,0,7.628,5.72099
1146.39,0,5.72099,5.72099
1147.23,0,3.814,2.8605
1148.07,0,3.814,7.628
1148.91,0,2.8605,4.767
1149.75,0,5.72099,2.8605
1150.59,0,4.767,3.814
1151.43,0,2.8605,1.907
1152.27,0,0,0
1153.11,0,2.8605,2.8605
1153.95,0,1.907,0
1154.79,0,2.8605,2.8605
1155.62,0,4.767,4.767
1156.46,0,3.814,4.767
1157.3,0,3.814,2.8605
1158.14,0,2.8605,2.8605
1158.98,0,4.767,4.767
1159.82,0,4.767,0
1160.66,0,0,3.814
1161.5,0,1.907,0
1162.34,0,4.767,2.8605
1163.18,0,0,1.907
1164.02,0,4.767,4.767
1164.86,0,4.767,4.767
1165.7,0,0,3.814
1166.53,0,0,0
1167.37,0,0,3.814
1168.21,0,3.814,4.767
1169.05,0,2.8605,2.8605
1169.89,0,1.907,1.907
1170.73,0,2.8605,2.8605
1171.57,0,0,3.814
1172.41,0,2.8605,3.814
1173.25,0,1.907,0
1174.09,0,0,1.907
1174.93,0,1.907,4.767
1175.77,0,1.907,4.767
1176.61,0,2.8605,2.8605
1177.44,0,3.814,4.767
1178.28,0,2.8605,5.72099
1179.12,0,2.8605,2.8605
1179.96,0,3.814,1.907
1180.8,0,1.907,1.907
1181.64,0,1.907,1.907
1182.48,0,0,0
1183.32,0,1.907,0
1184.16,0,2.8605,1.907
1185,0,1.907,1.907
1185.84,0,1.907,2.8605
1186.68,0,1.907,2.8605
1187.52,0,0,4.767
1188.35,0,1.907,3.814
1189.19,0,0,1.907
1190.03,0,0,2.8605
1190.87,0,1.907,0
1191.71,0,1.907,0
1192.55,0,1.907,0
1193.39,0,0,0
1194.23,0,1.907,3.814
1195.07,0,0,1.907
1195.91,0,2.8605,0
1196.75,0,3.814,5.72099
1197.59,0,1.907,5.72099
1198.43,0,0,1.907
1199.26,0,0,2.8605
1200.1,0,0,2.8605
1200.94,0,1.907,2.8605
1201.78,0,0,0
1202.62,0,2.8605,5.72099
1203.46,0,5.72099,8.58148
1204.3,0,4.767,3.814
1205.14,0,3.814,2.8605
1205.98,0,1.907,2.8605
1206.82,0,0,3.814
1207.66,0,0,2.8605
1208.5,0,0,1.907
1209.34,0,0,3.814
1210.17,0,1.907,4.767
1211.01,0,1.907,2.8605
1211.85,0,2.8605,0
1212.69,0,1.907,0
1213.53,0,2.8605,0
1214.37,0,4.767,0
1215.21,0,4.767,1.907
1216.05,0,3.814,1.907
1216.89,0,0,5.72099
1217.73,0,0,3.814
1218.57,0,0,4.767
1219.41,0,0,3.814
1220.25,0,1.907,0
1221.08,0,3.814,4.767
1221.92,0,2.8605,4.767
1222.76,0,1.907,2.8605
1223.6,0,1.907,1.907
1224.44,0,1.907,2.8605
1225.28,0,1.907,5.72099
1226.12,0,1.907,4.767
1226.96,0,0,1.907
1227.8,0,1.907,2.8605
1228.64,0,0,2.8605
1229.48,0,0,4.767
1230.32,0,2.8605,5.72099
1231.16,0,0,2.8605
1231.99,0,0,0
1232.83,0,0,2.8605
1233.67,0,1.907,3.814
1234.51,0,0,0
1235.35,0,0,2.8605
1236.19,0,1.907,3.814
1237.03,0,2.8605,2.8605
1237.87,0,1.907,0
1238.71,0,1.907,0
1239.55,0,2.8605,0
1240.39,0,3.814,2.8605
1241.23,0,2.8605,3.814
1242.07,0,1.907,3.814
1242.9,0,1.907,0
1243.74,0,0,0
1244.58,0,2.8605,1.907
1245.42,0,2.8605,2.8605
1246.26,0,2.8605,2.8605
1247.1,0,1.907,2.8605
1247.94,0,1.907,2.8605
1248.78,0,0,1.907
1249.62,0,3.814,1.907
1250.46,0,3.814,1.907
1251.3,0,0,2.8605
1252.14,0,1.907,2.8605
1252.98,0,1.907,2.8605
1253.81,0,1.907,2.8605
1254.65,0,0,1.907
1255.49,0,2.8605,2.8605
1256.33,0,2.8605,5.72099
1257.17,0,2.8605,6.67345
1258.01,0,1.907,3.814
1258.85,0,1.907,0
1259.69,0,0,0
1260.53,0,0,1.907
1261.37,0,1.907,2.8605
1262.21,0,0,2.8605
1263.05,0,0,1.907
1263.89,0,3.814,2.8605
1264.72,0,2.8605,1.907
1265.56,0,2.8605,1.907
1266.4,0,2.8605,1.907
1267.24,0,2.8605,0
1268.08,0,1.907,0
1268.92,0,1.907,0
1269.76,0,2.8605,0
1270.6,0,1.907,1.907
1271.44,0,1.907,4.767
1272.28,0,2.8605,2.8605
1273.12,0,3.814,0
1273.96,0,2.8605,1.907
1274.8,0,1.907,5.72099
1275.63,0,0,4.767
1276.47,0,0,1.907
1277.31,0,0,0
1278.15,0,1.907,0
1278.99,0,0,0
1279.83,0,0,0
1280.67,0,3.814,0
1281.51,0,5.72099,3.814
1282.35,0,3.814,2.8605
1283.19,0,1.907,1.907
1284.03,0,0,3.814
1284.87,0,1.907,1.907
1285.71,0,2.8605,1.907
1286.54,0,3.814,3.814
1287.38,0,3.814,3.814
1288.22,0,2.8605,1.907
1289.06,0,0,1.907
1289.9,0,3.814,3.814
1290.74,0,3.814,4.767
1291.58,0,2.8605,1.907
1292.42,0,1.907,0
1293.26,0,0,1.907
1294.1,0,0,3.814
1294.94,0,2.8605,1.907
1295.78,0,2.8605,0
1296.62,0,1.907,2.8605
1297.45,0,1.907,1.907
1298.29,0,0,1.907
1299.13,0,0,2.8605
1299.97,0,2.8605,2.8605
1300.81,0,4.767,2.8605
1301.65,0,4.767,3.814
1302.49,0,4.767,1.907
1303.33,0,1.907,1.907
1304.17,0,0,0
1305.01,0,1.907,0
1305.85,0,0,1.907
1306.69,0,1.907,3.814
1307.53,0,3.814,3.814
1308.36,0,0,2.8605
1309.2,0,3.814,1.907
1310.04,0,4.767,3.814
1310.88,0,1.907,2.8605
1311.72,0,2.8605,1.907
1312.56,0,1.907,4.767
1313.4,0,1.907,2.8605
1314.24,0,0,0
1315.08,0,4.767,1.907
1315.92,0,4.767,0
1316.76,0,1.907,3.814
1317.6,0,2.8605,4.767
1318.44,0,2.8605,1.907
1319.27,0,0,0
1320.11,0,1.907,1.907
1320.95,0,1.907,2.8605
1321.79,0,1.907,1.907
1322.63,0,2.8605,2.8605
1323.47,0,0,1.907
1324.31,0,4.767,2.8605
1325.15,0,5.72099,3.814
1325.99,0,1.907,3.814
1326.83,0,0,3.814
1327.67,0,3.814,4.767
1328.51,0,6.67345,4.767
1329.35,0,5.72099,3.814
1330.18,0,3.814,1.907
1331.02,0,1.907,2.8605
1331.86,0,3.814,4.767
1332.7,0,3.814,1.907
1333.54,0,1.907,0
1334.38,0,2.8605,5.72099
1335.22,0,5.72099,8.58148
1336.06,0,8.58148,10.4852
1336.9,0,6.67345,10.4852
1337.74,0,2.8605,1.907
1338.58,0,1.907,1.907
1339.42,0,1.907,1.907
1340.26,0,2.8605,1.907
1341.09,0,2.8605,2.8605
1341.93,0,0,1.907
1342.77,0,2.8605,1.907
1343.61,0,4.767,3.814
1344.45,0,2.8605,1.907
1345.29,0,3.814,3.814
1346.13,0,3.814,1.907
1346.97,0,2.8605,0
1347.81,0,0,2.8605
1348.65,0,1.907,1.907
1349.49,0,1.907,0
1350.33,0,0,0
1351.17,0,1.907,4.767
1352.01,0,2.8605,4.767
1352.84,0,1.907,0
1353.68,0,0,1.907
1354.52,0,0,1.907
1355.36,0,1.907,0
1356.2,0,0,1.907
1357.04,0,1.907,0
1357.88,0,1.907,0
1358.72,0,1.907,0
1359.56,0,0,0
1360.4,0,0,2.8605
1361.24,0,0,0
1362.08,0,1.907,3.814
1362.92,0,1.907,2.8605
1363.75,0,1.907,3.814
1364.59,0,3.814,6.67345
1365.43,0,2.8605,1.907
1366.27,0,0,0
1367.11,0,1.907,0
1367.95,0,3.814,4.767
1368.79,0,3.814,6.67345
1369.63,0,2.8605,4.767
1370.47,0,2.8605,1.907
1371.31,0,0,0
1372.15,0,1.907,2.8605
1372.99,0,1.907,2.8605
1373.83,0,5.72099,9.534
1374.66,0,5.72099,9.534
1375.5,0,2.8605,5.72099
1376.34,0,0,3.814
1377.18,0,2.8605,1.907
1378.02,0,4.767,6.67345
1378.86,0,3.814,5.72099
1379.7,0,0,0
1380.54,0,1.907,2.8605
1381.38,0,1.907,2.8605
1382.22,0,2.8605,3.814
1383.06,0,4.767,3.814
1383.9,0,0,3.814
1384.74,0,3.814,1.907
1385.57,0,1.907,2.8605
1386.41,0,1.907,1.907
1387.25,0,1.907,4.767
1388.09,0,0,2.8605
1388.93,0,2.8605,3.814
1389.77,0,1.907,2.8605
1390.61,0,0,2.8605
1391.45,0,2.8605,2.8605
1392.29,0,4.767,3.814
1393.13,0,4.767,4.767
1393.97,0,0,2.8605
1394.81,0,1.907,5.72099
1395.65,0,2.8605,1.907
1396.48,0,0,3.814
1397.32,0,0,1.907
1398.16,0,0,2.8605
1399,0,1.907,5.72099
1399.84,0,1.907,4.767
1400.68,0,0,3.814
1401.52,0,0,4.767
1402.36,0,2.8605,2.8605
1403.2,0,2.8605,5.72099
1404.04,0,1.907,2.8605
1404.88,0,2.8605,1.907
1405.72,0,2.8605,1.907
1406.56,0,1.907,3.814
1407.39,0,2.8605,3.814
1408.23,0,3.814,4.767
1409.07,0,2.8605,4.767
1409.91,0,2.8605,1.907
1410.75,0,4.767,9.534
1411.59,0,3.814,8.58148
1412.43,0,3.814,3.814
1413.27,0,1.907,2.8605
1414.11,0,0,3.814
1414.95,0,2.8605,1.907
1415.79,0,3.814,2.8605
1416.63,0,1.907,4.767
1417.47,0,0,4.767
1418.3,0,0,4.767
1419.14,0,2.8605,5.72099
1419.98,0,3.814,4.767
1420.82,0,2.8605,6.67345
1421.66,0,1.907,2.8605
1422.5,0,2.8605,4.767
1423.34,0,2.8605,6.67345
1424.18,0,1.907,6.67345
1425.02,0,1.907,3.814
1425.86,0,2.8605,0
1426.7,0,2.8605,2.8605
1427.54,0,1.907,3.814
1428.38,0,0,3.814
1429.21,0,1.907,7.628
1430.05,0,2.8605,7.628
1430.89,0,0,3.814
1431.73,0,0,3.814
1432.57,0,1.907,4.767
1433.41,0,1.907,3.814
1434.25,0,0,3.814
1435.09,0,1.907,3.814
1435.93,0,1.907,3.814
1436.77,0,1.907,5.72099
1437.61,0,2.8605,0
1438.45,0,3.814,5.72099
1439.29,0,1.907,7.628
1440.12,0,0,5.72099
1440.96,0,0,1.907
1441.8,0,0,8.58148
1442.64,0,2.8605,5.72099
1443.48,0,1.907,3.814
1444.32,0,0,2.8605
1445.16,0,1.907,5.72099
1446,0,2.8605,11.442
1446.84,0,2.8605,9.534
1447.68,0,2.8605,0
1448.52,0,1.907,2.8605
1449.36,0,2.8605,9.534
1450.2,0,1.907,14.301
1451.03,0,0,10.4852
1451.87,0,1.907,4.767
1452.71,0,2.8605,1.907
1453.55,0,1.907,2.8605
1454.39,0,0,2.8605
1455.23,0,0,0
1456.07,0,1.907,7.628
1456.91,0,5.72099,10.4852
1457.75,0,7.628,9.534
1458.59,0,5.72099,8.58148
1459.43,0,0,3.814
1460.27,0,1.907,7.628
1461.11,0,3.814,12.3934
1461.94,0,3.814,13.3469
1462.78,0,2.8605,9.534
1463.62,0,0,2.8605
1464.46,0,1.907,4.767
1465.3,0,2.8605,6.67345
1466.14,0,1.907,4.767
1466.98,0,1.907,3.814
1467.82,0,2.8605,2.8605
1468.66,0,2.8605,2.8605
1469.5,0,1.907,3.814
1470.34,0,1.907,4.767
1471.18,0,0,1.907
1472.02,0,0,5.72099
1472.85,0,1.907,6.67345
1473.69,0,1.907,5.72099
1474.53,0,0,6.67345
1475.37,0,0,4.767
1476.21,0,0,4.767
1477.05,0,1.907,4.767
1477.89,0,2.8605,4.767
1478.73,0,0,5.72099
1479.57,0,0,1.907
1480.41,0,0,0
1481.25,0,2.8605,0
1482.09,0,1.907,1.907
1482.93,0,2.8605,7.628
1483.76,0,3.814,9.534
1484.6,0,0,5.72099
1485.44,0,1.907,9.534
1486.28,0,0,2.8605
1487.12,0,0,1.907
1487.96,0,0,4.767
1488.8,0,0,6.67345
1489.64,0,2.8605,5.72099
1490.48,0,3.814,6.67345
1491.32,0,2.8605,2.8605
1492.16,0,0,5.72099
1493,0,6.67345,11.442
1493.84,0,5.72099,7.628
1494.67,0,1.907,1.907
1495.51,0,0,1.907
1496.35,0,1.907,2.8605
1497.19,0,1.907,5.72099
1498.03,0,2.8605,6.67345
1498.87,0,1.907,6.67345
1499.71,0,2.8605,3.814
1500.55,0,1.907,1.907
1501.39,0,0,0
1502.23,0,0,0
1503.07,0,0,3.814
1503.91,0,0,4.767
1504.75,0,0,3.814
1505.58,0,1.907,6.67345
1506.42,0,1.907,1.907
1507.26,0,0,2.8605
1508.1,0,1.907,1.907
1508.94,0,0,6.67345
1509.78,0,3.814,10.4852
1510.62,0,2.8605,4.767
1511.46,0,1.907,5.72099
1512.3,0,0,5.72099
1513.14,0,0,4.767
1513.98,0,1.907,5.72099
1514.82,0,1.907,6.67345
1515.66,0,1.907,5.72099
1516.49,0,0,1.907
1517.33,0,1.907,0
1518.17,0,1.907,0
1519.01,0,1.907,3.814
1519.85,0,0,3.814
1520.69,0,1.907,3.814
1521.53,0,2.8605,3.814
1522.37,0,0,0
1523.21,0,1.907,3.814
1524.05,0,3.814,7.628
1524.89,0,3.814,9.534
1525.73,0,0,4.767
1526.57,0,0,0
1527.4,0,0,0
1528.24,0,0,0
1529.08,0,1.907,0
1529.92,0,3.814,1.907
1530.76,0,1.907,3.814
1531.6,0,1.907,4.767
1532.44,0,0,3.814
1533.28,0,1.907,6.67345
1534.12,0,0,6.67345
1534.96,0,0,1.907
1535.8,0,0,1.907
1536.64,0,0,5.72099
1537.48,0,0,4.767
1538.31,0,0,0
1539.15,0,1.907,2.8605
1539.99,0,2.8605,5.72099
1540.83,0,1.907,5.72099
1541.67,0,0,3.814
1542.51,0,0,2.8605
1543.35,0,0,0
1544.19,0,0,2.8605
1545.03,0,0,1.907
1545.87,0,0,4.767
1546.71,0,1.907,1.907
1547.55,0,1.907,2.8605
1548.39,0,1.907,1.907
1549.22,0,0,0
1550.06,0,0,0
1550.9,0,1.907,2.8605
1551.74,0,3.814,7.628
1552.58,0,2.8605,5.72099
1553.42,0,1.907,1.907
1554.26,0,1.907,2.8605
1555.1,0,1.907,0
1555.94,0,0,2.8605
1556.78,0,1.907,1.907
1557.62,0,2.8605,0
1558.46,0,1.907,1.907
1559.3,0,0,0
1560.13,0,0,3.814
1560.97,0,0,3.814
1561.81,0,0,2.8605
1562.65,0,0,2.8605
1563.49,0,0,2.8605
1564.33,0,2.8605,1.907
1565.17,0,2.8605,0
1566.01,0,1.907,0
1566.85,0,1.907,2.8605
1567.69,0,3.814,4.767
1568.53,0,3.814,1.907
1569.37,0,0,0
1570.21,0,0,1.907
1571.04,0,0,1.907
1571.88,0,1.907,4.767
1572.72,0,2.8605,7.628
1573.56,0,1.907,6.67345
1574.4,0,0,2.8605
1575.24,0,0,1.907
1576.08,0,0,2.8605
1576.92,0,2.8605,4.767
1577.76,0,1.907,6.67345
1578.6,0,2.8605,10.4852
1579.44,0,5.72099,28.602
1580.28,0,2.8605,20.0203
1581.12,0,1.907,4.767
1581.95,0,2.8605,4.767
1582.79,0,0,4.767
1583.63,0,1.907,1.907
1584.47,0,1.907,3.814
1585.31,0,0,2.8605
1586.15,0,1.907,1.907
1586.99,0,2.8605,2.8605
1587.83,0,0,3.814
1588.67,0,1.907,3.814
1589.51,0,1.907,1.907
1590.35,0,0,0
1591.19,0,0,0
1592.03,0,0,0
1592.86,0,0,2.8605
1593.7,0,1.907,2.8605
1594.54,0,0,0
1595.38,0,0,1.907
1596.22,0,0,1.907
1597.06,0,0,1.907
1597.9,0,0,0
1598.74,0,0,0
1599.58,0,1.907,1.907
1600.42,0,1.907,0
1601.26,0,0,2.8605
1602.1,0,0,3.814
1602.94,0,0,1.907
1603.78,0,0,0
1604.61,0,1.907,3.814
1605.45,0,2.8605,4.767
1606.29,0,0,1.907
1607.13,0,0,0
1607.97,0,0,1.907
1608.81,0,0,0
1609.65,0,2.8605,2.8605
1610.49,0,3.814,2.8605
1611.33,0,0,2.8605
1612.17,0,0,2.8605
1613.01,0,0,1.907
1613.85,0,2.8605,2.8605
1614.69,0,3.814,4.767
1615.52,0,0,0
1616.36,0,0,3.814
1617.2,0,2.8605,2.8605
1618.04,0,1.907,0
1618.88,0,0,0
1619.72,0,0,3.814
1620.56,0,1.907,4.767
1621.4,0,1.907,2.8605
1622.24,0,1.907,1.907
1623.08,0,0,0
1623.92,0,0,1.907
1624.76,0,1.907,2.8605
1625.6,0,1.907,0
1626.43,0,1.907,1.907
1627.27,0,1.907,2.8605
1628.11,0,0,1.907
1628.95,0,0,1.907
1629.79,0,1.907,3.814
1630.63,0,1.907,1.907
1631.47,0,2.8605,1.907
1632.31,0,1.907,0
1633.15,0,0,1.907
1633.99,0,1.907,1.907
1634.83,0,1.907,0
1635.67,0,1.907,0
1636.51,0,1.907,1.907
1637.34,0,1.907,1.907
1638.18,0,2.8605,2.8605
1639.02,0,1.907,2.8605
1639.86,0,0,0
1640.7,0,0,0
1641.54,0,0,0
1642.38,0,1.907,0
1643.22,0,0,0
1644.06,0,0,1.907
1644.9,0,1.907,1.907
1645.74,0,1.907,1.907
1646.58,0,0,2.8605
1647.42,0,0,2.8605
1648.25,0,0,1.907
1649.09,0,0,0
1649.93,0,1.907,0
1650.77,0,0,1.907
1651.61,0,0,0
1652.45,0,0,2.8605
1653.29,0,0,0
1654.13,0,0,3.814
1654.97,0,1.907,4.767
1655.81,0,1.907,2.8605
1656.65,0,1.907,2.8605
1657.49,0,0,3.814
1658.33,0,1.907,1.907
1659.16,0,1.907,0
1660,0,0,0
1660.84,0,0,1.907
1661.68,0,1.907,1.907
1662.52,0,1.907,0
1663.36,0,0,1.907
1664.2,0,0,4.767
1665.04,0,0,3.814
1665.88,0,0,2.8605
1666.72,0,0,2.8605
1667.56,0,0,0
1668.4,0,0,0
1669.24,0,1.907,1.907
1670.07,0,2.8605,1.907
1670.91,0,2.8605,0
1671.75,0,1.907,0
1672.59,0,0,0
1673.43,0,1.907,1.907
1674.27,0,0,2.8605
1675.11,0,0,0
1675.95,0,0,1.907
1676.79,0,0,0
1677.63,0,1.907,1.907
1678.47,0,0,0
1679.31,0,1.907,1.907
1680.15,0,0,1.907
1680.98,0,1.907,0
1681.82,0,1.907,0
1682.66,0,0,1.907
1683.5,0,1.907,2.8605
1684.34,0,0,0
1685.18,0,0,2.8605
1686.02,0,0,2.8605
1686.86,0,1.907,1.907
1687.7,0,1.907,0
1688.54,0,0,1.907
1689.38,0,0,2.8605
1690.22,0,0,2.8605
1691.06,0,1.907,0
1691.89,0,0,1.907
1692.73,0,0,2.8605
1693.57,0,0,1.907
1694.41,0,0,0
1695.25,0,0,1.907
1696.09,0,0,0
1696.93,0,0,0
1697.77,0,1.907,0
1698.61,0,0,0
1699.45,0,0,0
1700.29,0,4.767,0
1701.13,0,7.628,2.8605
1701.97,0,4.767,2.8605
1702.8,0,2.8605,1.907
1703.64,0,2.8605,1.907
1704.48,0,2.8605,3.814
1705.32,0,2.8605,4.767
1706.16,0,1.907,3.814
1707,0,0,0
1707.84,0,0,1.907
1708.68,0,0,1.907
1709.52,0,0,1.907
1710.36,0,0,1.907
1711.2,0,0,1.907
1712.04,0,1.907,1.907
1712.88,0,0,1.907
1713.71,0,0,0
1714.55,0,1.907,0
1715.39,0,0,0
1716.23,0,0,0
1717.07,0,1.907,2.8605
1717.91,0,0,2.8605
